,x
10X_P7_4_AAACCTGCACGACGAA,endothelial cell
10X_P7_4_AAACCTGGTTCCACGG,fibroblast
10X_P7_4_AAACCTGTCTCGATGA,endothelial cell
10X_P7_4_AAAGCAAAGTGAATTG,fibroblast
10X_P7_4_AAATGCCAGTCCATAC,fibroblast
10X_P7_4_AAGACCTAGTCCCACG,fibroblast
10X_P7_4_AAGACCTCAGGGTTAG,fibroblast
10X_P7_4_AAGACCTTCTCAAACG,endothelial cell
10X_P7_4_AAGGCAGGTCACCTAA,fibroblast
10X_P7_4_AAGGTTCCAGCTATTG,endothelial cell
10X_P7_4_AATCCAGCATGATCCA,endothelial cell
10X_P7_4_ACACCAAAGAAGCCCA,fibroblast
10X_P7_4_ACACCAACATCTCGCT,fibroblast
10X_P7_4_ACACCCTCAGTCGATT,fibroblast
10X_P7_4_ACACCCTTCGAGCCCA,fibroblast
10X_P7_4_ACACCGGTCTAACTGG,endothelial cell
10X_P7_4_ACACTGACATGCCACG,fibroblast
10X_P7_4_ACACTGATCAACACGT,fibroblast
10X_P7_4_ACATCAGAGAGCCCAA,fibroblast
10X_P7_4_ACATCAGCAGATCCAT,fibroblast
10X_P7_4_ACATCAGTCTCTTGAT,endothelial cell
10X_P7_4_ACATGGTAGCTAAGAT,endothelial cell
10X_P7_4_ACATGGTTCCACGTGG,endothelial cell
10X_P7_4_ACCCACTAGATATACG,endothelial cell
10X_P7_4_ACCGTAAAGGATGGTC,endothelial cell
10X_P7_4_ACCGTAACAACTTGAC,fibroblast
10X_P7_4_ACGATGTCATACGCTA,fibroblast
10X_P7_4_ACGATGTTCTACGAGT,fibroblast
10X_P7_4_ACGCCGAAGCCCAACC,fibroblast
10X_P7_4_ACGGAGAGTCACACGC,fibroblast
10X_P7_4_ACGGCCACAACTGCTA,fibroblast
10X_P7_4_ACGGGCTAGTAGATGT,endothelial cell
10X_P7_4_ACGGGCTGTTTGTTTC,endothelial cell
10X_P7_4_ACGGGTCGTTGTACAC,fibroblast
10X_P7_4_ACGTCAATCGCGCCAA,fibroblast
10X_P7_4_ACTGAGTCACTGCCAG,fibroblast
10X_P7_4_ACTGAGTTCGACCAGC,fibroblast
10X_P7_4_ACTGATGAGCTCTCGG,endothelial cell
10X_P7_4_ACTGATGTCGGTTAAC,fibroblast
10X_P7_4_ACTGCTCAGACCCACC,fibroblast
